Customer_id,First_name,Last_name,Address
1,Johnny,Kirk,"507 Stephanie Ferry Suite 082
Valerieside, ME 39849"
2,Scott,Foster,"5300 Tammy Common
Phillipston, AK 18171"
3,Amanda,Boyd,"073 Philip Bridge Apt. 830
Codyport, NV 43729"
4,Tony,Patrick,"98971 William Spurs Suite 799
Christinebury, AL 14971"
5,Ashley,Reese,"PSC 4749, Box 6898
APO AA 31664"
6,Jacqueline,Benson,"03158 Chad Mission Apt. 030
Jasonburgh, WV 47823"
7,Courtney,Phelps,"652 Lewis Mission
West Diana, OH 45477"
8,Donald,Bentley,"61833 Kellie Branch Apt. 058
Josephborough, TN 62263"
9,Holly,Brewer,"61612 Justin Shoals Suite 077
North Kellyfurt, IN 96314"
10,Jon,Rogers,"12808 Jennifer Station
West Thomasland, MD 06644"
11,Jessica,Nicholson,"05352 Lori Coves Apt. 228
Hillton, UT 20455"
12,Sharon,Williams,"189 Daniel Divide Apt. 160
Lake John, TN 61053"
13,Eric,Bennett,"USNV Robbins
FPO AA 86632"
14,Tara,Benson,"1986 Jeffrey Creek
Amyland, IL 52937"
15,Katrina,Black,"PSC 5620, Box 1155
APO AP 42739"
16,Jennifer,Kidd,"467 Elizabeth Port
West John, MA 09979"
17,Chelsea,Sutton,"65943 Liu Avenue
Lamfurt, KY 88382"
18,John,Martinez,"36174 Anthony Prairie Apt. 472
Port Robertport, AL 26044"
19,Debra,House,"30253 Richardson Drive Apt. 384
Port Melissa, KS 90596"
20,Austin,Medina,"900 Gardner Ford
Jenkinsport, OK 81738"
21,Kimberly,Kim,"4949 Christopher Fall
South Deannaberg, ID 00791"
22,Laura,Wilkins,"13125 Gregory Shore Apt. 972
Edwardland, VT 51135"
23,Robert,Hunt,"4762 Jordan Passage
Lambertberg, MO 22278"
24,Daniel,Carter,"29336 Rebecca Knoll
South Chad, NH 42863"
25,Jamie,Johnson,"18867 Jonathan Garden Apt. 016
Nicholashaven, MO 79955"
26,Raymond,Nguyen,"317 Wang Keys
Thomasmouth, NM 51506"
27,Amanda,Price,"4629 Davis Course Suite 264
Fitzgeraldmouth, MO 21981"
28,Aaron,Gonzalez,"8819 Humphrey Turnpike
North Derek, MS 64598"
29,Michael,Hale,"351 Bradley Freeway Apt. 022
Port Ashley, IN 50543"
30,Joseph,Jacobs,"USNV Smith
FPO AA 60112"
31,Tina,Crane,"32908 Nicholas Village Suite 581
New Jamesmouth, AR 68717"
32,Michelle,Greene,"PSC 1009, Box 5358
APO AP 83170"
33,Brandi,Oconnell,"8947 Robert Mission Suite 493
Paulaberg, AZ 94865"
34,John,Roberts,"81911 Nicole Street Apt. 525
Hollychester, AK 81705"
35,Lee,Jackson,"12513 Albert Wells
Stephenstown, WY 99465"
36,Eddie,Knight,"25259 Christine Mill
Lozanofurt, NC 26335"
37,Bonnie,Ruiz,"248 Jones Plains
North Danielburgh, NC 97055"
38,Diana,Willis,"4968 Angela Stravenue
Port Sandra, VA 98219"
39,John,Wolfe,"1494 Michelle Landing
Deborahborough, VT 94202"
40,Natasha,Herrera,"121 Harvey Walk Suite 338
Reedland, NY 02326"
41,David,Cooper,"2932 Jeanne Circles
New Eileenhaven, IL 65906"
42,Victoria,Taylor,"636 Kirk Mountains Suite 076
Johnsonton, OH 30887"
43,Robert,Martinez,"93035 Kelly Mount Suite 870
Bowmanport, AZ 49558"
44,Jared,Green,"09002 Stevenson Greens
Christopherland, PA 14477"
45,Monica,Sullivan,"63180 Williams Tunnel
Rebeccamouth, OK 23631"
46,Jacob,Gillespie,"27523 Wiggins Shore Apt. 756
North Briana, TX 91787"
47,Jessica,Aguilar,"15907 Jenkins Camp Apt. 113
Meganton, NC 23078"
48,Rebecca,Lopez,"43523 Mcdaniel Lane
East Shawnaview, CA 48643"
49,Steven,Miller,"42620 Mathews Ferry
Weissshire, WI 18755"
50,Philip,Ortiz,"4810 Roberts Canyon
East Melissamouth, AL 04855"
51,Raymond,Blair,"39869 Carla Locks
West Michealhaven, AZ 78173"
52,Daniel,Gates,"92695 Madden Mall
New Brett, PA 68470"
53,Brandon,Alvarado,"706 Johnson Oval Suite 961
North Melissa, WY 30443"
54,Dustin,Watson,"42344 Harrell Forge Suite 753
Port Rickeyland, OR 57451"
55,Antonio,Johnson,"1371 Hill Ridges
Lisaville, MN 78083"
56,Ruth,Keller,"10269 Rachel Rapid Suite 027
Lauraton, NE 37680"
57,Thomas,Martinez,"380 Daniel Lodge Suite 939
Garciahaven, WV 29893"
58,Kerry,Wright,"USS Guerrero
FPO AA 44739"
59,Shelley,Miller,"1089 James Valleys Suite 243
Port Denise, WY 35567"
60,Steven,Santiago,"956 Michelle Light
Kennethborough, IL 02626"
61,Steven,Lee,"43885 Julia Village
East Kenneth, RI 06753"
62,Daniel,Newton,"9710 Oliver Throughway Apt. 539
West Brandystad, FL 10764"
63,Lindsay,Graham,"18189 Katherine Trace Suite 254
West Leslie, SD 13775"
64,Sarah,Ferguson,"6295 Hawkins Via Apt. 483
Jacksonville, KY 38302"
65,Joseph,Burton,"86830 April Squares
New Triciaport, WI 33471"
66,Brian,Davis,"1447 Cox Light
Hartfort, SC 63257"
67,David,Farrell,"64812 Todd Glen
Nicholsview, CT 51063"
68,Jerry,Rowe,"5508 Carney Place Suite 615
Vernonbury, RI 90380"
69,Paul,Benton,"PSC 9303, Box 8545
APO AE 36184"
70,Daniel,Jackson,"093 Jacob Plain Suite 553
South Mathewfort, MA 80373"
71,Mark,Knight,"534 Townsend Camp Suite 584
South Ashleybury, IN 73609"
72,Thomas,Krueger,"682 John Circles Suite 187
Elizabethfort, AL 72080"
73,Chris,Collins,"83309 Avery Rue
Schmidtmouth, MD 84751"
74,Todd,Mitchell,"11324 Hector Course Apt. 931
North Stephanie, AK 13259"
75,Heather,Bishop,"712 Richard Roads Apt. 047
Owensland, OK 67634"
76,Barbara,Lewis,"970 Kathleen Landing
West Rodneychester, HI 89811"
77,Daniel,Hill,"1592 Lewis Haven
Lake Robert, CT 94630"
78,Haley,Robbins,"1204 Wilson Ferry
Boltonmouth, OH 64884"
79,Kirsten,Cooper,"767 Michael Circle Suite 719
New Kristen, CT 24366"
80,Robert,Alexander,"647 Kenneth Roads
Lake Christopher, IL 92313"
81,Emily,Haas,"86010 Lori Lights Apt. 115
Watsonside, KS 81737"
82,Christy,Smith,"68843 Jacob Camp
New Margaret, IA 10836"
83,Michael,Martin,"36458 Cathy Overpass
Christinaton, MN 61368"
84,Brian,Young,"23825 Nolan Loaf Apt. 946
North Marieside, NH 44440"
85,Christine,Jordan,"64194 Adams Courts Apt. 633
South Sheena, TX 22434"
86,Alyssa,Butler,"74734 Velez Fields
Port Natasha, AK 54940"
87,Heather,Golden,"1868 Coleman Common
Kimberg, NJ 84468"
88,Seth,Cobb,"224 Cox Mews
Kevinberg, GA 96792"
89,Brandi,Rodriguez,"989 Nicholas Mountains
Elizabethton, MN 30451"
90,Daniel,Weeks,"93603 Reyes Manor Suite 743
East Angela, AK 82381"
91,Matthew,Fisher,"4939 Michelle Curve Suite 286
Lake Sarah, WA 61706"
92,Susan,Smith,"Unit 0456 Box 2681
DPO AA 34295"
93,David,Raymond,"09682 Diana Plaza
Whiteheadton, TN 76548"
94,Jermaine,Meyer,"720 Henry Forks
Irwinborough, KY 50678"
95,Todd,Williams,"3812 Samuel River
Kimberlymouth, IL 39899"
96,April,Young,"9269 Tammy Springs
Wernerburgh, OK 63389"
97,Bailey,Arnold,"75402 Armstrong Lights Suite 069
New Michael, KS 76921"
98,Joseph,Ross,"14131 Lucas Trafficway Apt. 036
Nicolemouth, FL 34931"
99,Sherri,Wagner,"31631 Gutierrez River Suite 671
New Timothy, NY 67746"
100,Gary,Hall,"30604 Wilson Brooks Apt. 605
Noblefurt, IN 01400"
101,Gina,Cruz,"16266 Paula Terrace Apt. 380
Guerrahaven, NC 45833"
102,Sarah,Hernandez,"323 Troy Estate Suite 789
Lake Chadshire, MN 18879"
103,Jessica,Hogan,"4021 Gomez Row Apt. 856
Abigailbury, WY 43369"
104,Tammy,Anderson,"0412 Parker Circles
Jessicabury, OR 75254"
105,Leslie,Reyes,"068 Jennifer Via
Kimberlyside, AL 30898"
106,Ashley,Sims,"811 Wood Port
Angelaport, NY 69584"
107,Dalton,Harris,"984 Smith Crossing Suite 858
Lake Jeremychester, TX 46692"
108,Timothy,Gibbs,"114 Jeffrey Spurs
North Megan, LA 06734"
109,Eric,Craig,"592 Thompson Fields
Burtonfort, TN 45566"
110,Erica,Levine,"9804 Samuel Village
Kathleenberg, VA 02186"
111,Jill,Hernandez,"2825 Michael Burg Apt. 806
Lake Anthonybury, OK 47080"
112,Kevin,Villarreal,"Unit 6475 Box 0183
DPO AA 89134"
113,David,Rogers,"9547 Hays Cliffs Suite 075
Adamville, PA 65431"
114,Todd,Pena,"63446 Guerrero Views Suite 069
Lake Tyler, CT 60306"
115,Austin,Kim,"370 Jacob Hollow Suite 997
Port Kirkmouth, MO 40251"
116,Robert,Gonzales,"7497 Robert Point Suite 509
South Maria, OH 62658"
117,Michael,Martinez,"1059 Gomez Common Apt. 293
Vickibury, MA 13508"
118,Ronald,Neal,"25322 Higgins Club
Derekborough, CT 25519"
119,Katherine,Walker,"091 Jenkins Island
South Laurabury, CT 32304"
120,Stephanie,Barr,"692 David Ridge Apt. 714
Kathleenside, NV 75304"
121,John,Nguyen,"309 April Isle
Trevinoport, MN 07849"
122,Angela,Stewart,"16084 Lee Mills
Lewisfurt, AL 01262"
123,Christina,Finley,"54033 Olivia Mission Apt. 523
New Lauren, AR 48325"
124,Sarah,Short,"35007 Nichols Ports
Holmesfort, NV 46604"
125,Anita,Marsh,"87775 Casey Circle Suite 027
West Elizabeth, WY 01818"
126,Carlos,Hayes,"1770 Rachel Lodge Suite 570
West Melanie, NE 50855"
127,Cheryl,Smith,"0414 Allen Turnpike Apt. 728
Hillview, WA 75349"
128,Sarah,Pena,"2213 Jones Key
Coreyside, WY 71054"
129,Karen,Hull,"40061 Cook Street Suite 921
Adamshire, ND 85526"
130,April,Benitez,"97604 Mullins Cape
East Richardshire, WA 26326"
131,Joseph,Massey,"4562 Dennis Plains Apt. 817
North Eddie, AK 65860"
132,Christopher,Williams,"849 Robinson Mews
North Brian, AK 68589"
133,Mark,Bender,"179 Pham Forest
Ashleyberg, NH 77073"
134,Amanda,Butler,"5526 Galvan Shores
West Aaron, NE 90303"
135,Kevin,Campbell,"4344 Doris Harbors
Burnettchester, CO 14094"
136,John,Sandoval,"Unit 8765 Box 1706
DPO AE 29326"
137,Kevin,Bell,"8651 Marsh Point
Jenniferberg, CT 88641"
138,Kyle,Bentley,"731 James Hollow Suite 342
Yolandaland, LA 32716"
139,Monica,Robbins,"95329 Charles Crossroad
Simmonsberg, IL 17257"
140,Angelica,Ortega,"53405 Christopher Motorway Apt. 933
Karlaborough, DE 36185"
141,Mary,Roberts,"267 Christina Meadows
Markmouth, MN 85313"
142,Donald,Lin,"Unit 7188 Box 5638
DPO AA 97643"
143,Dylan,Montgomery,"677 Richard Course Apt. 603
Port David, NV 36725"
144,Matthew,Ward,"101 Taylor Meadow
Robertland, TN 15051"
145,Jose,Parker,"24994 Heather Isle
Mariebury, CO 40500"
146,Tony,Trujillo,"61965 John Squares
Reginaport, MS 43726"
147,Dennis,Clark,"383 Long Courts
New Jeffrey, OK 12963"
148,Jason,Arnold,"231 Mitchell Port Suite 755
Mckenzieton, TX 62948"
149,Katherine,Baker,"2719 Martinez Spurs
Jameston, FL 59401"
150,John,Graham,"8050 Owens Forges
Christinafurt, SC 34520"
151,Erin,Warner,"9549 Jamie Orchard Suite 974
North Jasonland, TX 14869"
152,Danielle,Mitchell,"8406 Billy Turnpike
Lake Vanessa, MS 72183"
153,Rachel,Atkinson,"51642 Schneider Fords Apt. 301
South Frank, NH 40111"
154,Diana,Perez,"2843 Christine Passage Apt. 163
New Gavinshire, NE 92203"
155,Tara,Allison,"087 Mahoney Mount
Charlesville, WI 54592"
156,Jennifer,Johnson,"75603 Ronnie Road
Nathanmouth, NH 57203"
157,Herbert,King,"491 Stone Coves Suite 697
Boydville, MO 40794"
158,Michelle,Mack,"3796 Jasmine View Suite 659
Simonborough, AZ 47253"
159,Virginia,Morris,"30351 Robinson Canyon
Elijahborough, NY 21772"
160,Heather,Benton,"992 Melissa Spur
Kristenton, OH 39223"
161,Paul,Barnett,"162 Anna Keys
Mooreport, OR 06632"
162,Nicholas,Johnson,"355 Brown Court
Martinezfurt, VA 53199"
163,Mario,Hoffman,"USNV Campbell
FPO AA 62352"
164,Mark,Hartman,"8370 Mary Mission
Port Brandonport, AZ 95261"
165,Alyssa,Hill,"0588 Nguyen Passage
Aguilarville, KY 96667"
166,Jared,Vasquez,"5702 Brian Burgs Apt. 396
East Tiffany, NM 97341"
167,Crystal,Hodges,"927 Troy Gardens Apt. 397
West Robertmouth, HI 19513"
168,Rebecca,Smith,"9432 Wilson Ville
South Harold, SD 63062"
169,Gina,Crawford,"167 Beck Hollow Apt. 152
New Jenniferborough, FL 96504"
170,Ashley,Fisher,"485 Ashley Meadows Suite 716
North Clayton, TN 60659"
171,Courtney,Roy,"24636 Kenneth Glens Apt. 374
East Jennifertown, AZ 65700"
172,Justin,Bentley,"0983 Destiny Circles
New Nicole, DC 34681"
173,James,Anderson,"Unit 1755 Box 4715
DPO AE 80193"
174,David,Mills,"Unit 9172 Box 9129
DPO AA 42583"
175,Paul,Cooper,"337 Michael Burg Apt. 601
Port Brittany, ME 87024"
176,William,Smith,"5123 Archer Freeway
Andresville, LA 32079"
177,Mark,Horton,"04759 Shelby Unions
West Kellie, VA 64684"
178,Joshua,Hill,"98881 Jennifer Stravenue
Pamelaside, UT 70756"
179,Jennifer,Duran,"96261 Ryan Drives Suite 437
Robertsborough, MS 97828"
180,Michael,Tate,"254 Scott Route
New Meganview, VA 91095"
181,Willie,Dorsey,"26474 George Walks
South Amyfurt, IL 92286"
182,Danielle,Thompson,"73267 Melanie Greens
New Sandrashire, OR 37918"
183,Michael,Smith,"3953 Clarke Park
East Caitlinport, WV 95496"
184,Benjamin,Gentry,"552 Katherine Prairie
East Darleneborough, VA 77044"
185,Kimberly,Adams,"88992 Rachel Hills Suite 174
West Allisonmouth, MO 13475"
186,Mark,Barker,"125 Amanda Forge
West Melissa, SC 21905"
187,Roger,Morgan,"95743 Anderson Keys Suite 011
Coopermouth, NH 34798"
188,John,Ellis,"26079 James Junction
East Bradley, ND 24176"
189,Patrick,Lloyd,"1231 Diana Way
Christineview, GA 73547"
190,Gabriella,Castillo,"64750 Wilkins Field Apt. 758
Rogersborough, CA 67954"
191,Tammy,Williams,"29288 Garcia Isle Apt. 967
Jefferyside, CT 69711"
192,Christopher,Howe,"878 Miller Islands Apt. 581
Flemingburgh, PA 58476"
193,Jason,Gilbert,"14264 Wilson Court
Smithshire, VT 47535"
194,Michael,Lane,"9539 Young Tunnel Apt. 559
North Emily, MS 77514"
195,Kimberly,Davidson,"PSC 3229, Box 8802
APO AE 24471"
196,Alec,Ross,"99414 Mcdonald Ridges Apt. 982
New Jasmin, NH 28999"
197,Todd,Flynn,"USCGC Brewer
FPO AE 82523"
198,Daniel,Summers,"215 Casey Plains Suite 528
East Bobbytown, NJ 56866"
199,Lauren,Frey,"909 Kaitlyn Squares Suite 626
North Alexanderborough, IL 11506"
200,Michael,Bartlett,"6426 Fry Views Suite 075
Jennifertown, WA 83879"
